timestamp,cpu_percent,memory_mb,net_rx_mbit,net_tx_mbit,blk_read_mb,blk_write_mb
2025-11-14 14:07:02,0.0,14.140625,0.0,0.0,0.0,0.0
2025-11-14 14:07:04,0.0,14.140625,0.0,0.0,0.0,0.0
2025-11-14 14:07:06,0.0,14.140625,0.0,0.0,0.0,0.0
2025-11-14 14:07:08,0.05763224181360201,14.140625,0.0,0.0,0.0,0.0
2025-11-14 14:07:10,0.021206030150753764,14.140625,0.0,0.0,0.0,0.0
2025-11-14 14:07:12,0.0,14.140625,0.0,0.0,0.0,0.0
2025-11-14 14:07:14,100.81234113712374,66.76171875,0.0,0.0,0.0,0.0
2025-11-14 14:07:16,0.0,14.41015625,0.0,0.0,0.0,0.0
2025-11-14 14:07:18,0.0,14.41015625,0.0,0.0,0.0,0.0
2025-11-14 14:07:20,0.0,14.40625,0.0,0.0,0.0,0.0
2025-11-14 14:07:22,0.0,14.40625,0.0,0.0,0.0,0.0
2025-11-14 14:07:24,0.08521008403361344,14.4140625,0.0,0.0,0.0,0.0
2025-11-14 14:07:26,0.06196144174350377,14.4140625,0.0,0.0,0.0,0.0
2025-11-14 14:07:28,0.05351215423302599,14.4140625,0.0,0.0,0.0,0.0
2025-11-14 14:07:30,0.0,14.4140625,0.0,0.0,0.0,0.0
2025-11-14 14:07:32,73.22428093645485,37.3515625,0.0,0.0,0.0,0.0
2025-11-14 14:07:34,58.97564924114671,173.0078125,0.0,0.0,0.0,0.0
2025-11-14 14:07:36,24.265497470489038,286.52734375,0.0,0.0,0.0,0.0
2025-11-14 14:07:38,0.04840167364016737,286.52734375,0.0,0.0,0.0,0.0
2025-11-14 14:07:40,0.07461087866108786,286.52734375,0.0,0.0,0.0,0.0
2025-11-14 14:07:42,0.0944787322768974,286.578125,0.0,0.0,0.0,0.0
2025-11-14 14:07:44,0.0859010896898575,286.578125,0.0,0.0,0.0,0.0
2025-11-14 14:07:46,0.5152644836272041,286.58203125,0.0,0.0,0.0,0.0
2025-11-14 14:07:48,0.11969823973176864,286.58203125,0.0,0.0,0.0,0.0
2025-11-14 14:07:50,33.36542259414226,288.1171875,0.0,0.0,0.0,0.0
2025-11-14 14:07:52,0.39457455770850886,340.88671875,0.0,0.0,0.0,0.0
2025-11-14 14:07:54,0.19605063291139238,340.890625,0.0,0.0,0.0,0.0
2025-11-14 14:07:56,7.339280334728033,341.15625,0.0,0.0,0.0,0.0
2025-11-14 14:07:58,0.20730025231286797,340.90625,0.0,0.0,0.0,0.0
2025-11-14 14:08:00,0.19592654424040065,340.90625,0.0,0.0,0.0,0.0
2025-11-14 14:08:02,0.1603691275167785,340.90625,0.0,0.0,0.0,0.0
2025-11-14 14:08:04,73.0043216080402,365.29296875,0.0,0.0,0.0,0.0
2025-11-14 14:08:06,9.822121212121212,423.171875,0.0,0.0,0.0,0.0
2025-11-14 14:08:08,0.7022072451558551,423.171875,0.0,0.0,0.0,0.0
2025-11-14 14:08:10,0.7476767676767676,423.1796875,0.0,0.0,0.0,0.0
2025-11-14 14:08:12,0.8818675721561968,423.1796875,0.0,0.0,0.0,0.0
2025-11-14 14:08:14,0.7357575757575757,423.18359375,0.0,0.0,0.0,0.0
2025-11-14 14:08:17,1.2568844221105526,423.1953125,0.0,0.0,0.0,0.0
2025-11-14 14:08:19,0.8315648535564855,423.19140625,0.0,0.0,0.0,0.0
2025-11-14 14:08:21,1.5242424242424242,423.19140625,0.0,0.0,0.0,0.0
2025-11-14 14:08:23,27.041306532663317,430.10546875,0.0,0.0,0.0,0.0
2025-11-14 14:08:25,2.304060913705584,477.9765625,0.0,0.0,0.0,0.0
2025-11-14 14:08:27,1.3482828282828283,477.98046875,0.0,0.0,0.0,0.0
2025-11-14 14:08:29,1.2726210350584308,477.984375,0.0,0.0,0.0,0.0
2025-11-14 14:08:31,2.4175020955574182,477.98828125,0.0,0.0,0.0,0.0
2025-11-14 14:08:33,1.3954659949622166,477.98828125,0.0,0.0,0.0,0.0
2025-11-14 14:08:35,74.88170997485331,504.796875,0.0,0.0,0.0,0.0
2025-11-14 14:08:37,16.895979814970563,563.18359375,0.0,0.0,0.0,0.0
2025-11-14 14:08:39,1.902065491183879,563.1875,0.0,0.0,0.0,0.0
2025-11-14 14:08:41,2.6035353535353534,563.19921875,0.0,0.0,0.0,0.0
2025-11-14 14:08:43,2.8005037783375313,563.19921875,0.0,0.0,0.0,0.0
2025-11-14 14:08:45,2.019949874686717,563.203125,0.0,0.0,0.0,0.0
2025-11-14 14:08:47,1.9245378151260504,563.203125,0.0,0.0,0.0,0.0
2025-11-14 14:08:49,2.5149195596951732,563.20703125,0.0,0.0,0.0,0.0
2025-11-14 14:08:51,3.2452836579170197,563.20703125,0.0,0.0,0.0,0.0
2025-11-14 14:08:53,2.067932773109243,563.20703125,0.0,0.0,0.0,0.0
2025-11-14 14:08:55,62.98853310980721,650.5,0.0,0.0,0.0,0.0
2025-11-14 14:08:57,2.358075949367089,650.39453125,0.0,0.0,0.0,0.0
2025-11-14 14:08:59,2.067963118189438,650.3984375,0.0,0.0,0.0,0.0
2025-11-14 14:09:01,3.630452261306533,650.40234375,0.0,0.0,0.0,0.0
2025-11-14 14:09:03,2.421772151898734,650.40234375,0.0,0.0,0.0,0.0
2025-11-14 14:09:05,1.9530025231286794,650.41015625,0.0,0.0,0.0,0.0
2025-11-14 14:09:07,2.438255033557047,650.4140625,0.0,0.0,0.0,0.0
2025-11-14 14:09:09,2.2991799163179913,650.41796875,0.0,0.0,0.0,0.0
2025-11-14 14:09:11,3.7442220353238014,650.41796875,0.0,0.0,0.0,0.0
2025-11-14 14:09:13,2.1320534223706176,650.41796875,0.0,0.0,0.0,0.0
2025-11-14 14:09:15,2.4637,650.421875,0.0,0.0,0.0,0.0
2025-11-14 14:09:17,100.61238731218698,707.125,0.0,0.0,0.0,0.0
2025-11-14 14:09:19,35.167214225232854,832.25390625,0.0,0.0,0.0,0.0
2025-11-14 14:09:21,27.874731543624158,832.26171875,0.0,0.0,0.0,0.0
2025-11-14 14:09:23,24.468471177944863,832.34375,0.0,0.0,0.0,0.0
2025-11-14 14:09:25,25.268614609571788,832.69921875,0.0,0.0,0.0,0.0
2025-11-14 14:09:27,25.23264483627204,832.609375,0.0,0.0,0.0,0.0
2025-11-14 14:09:29,25.486616541353385,832.5234375,0.0,0.0,0.0,0.0
2025-11-14 14:09:31,26.032569037656906,832.2734375,0.0,0.0,0.0,0.0
2025-11-14 14:09:33,26.47806505421184,832.5234375,0.0,0.0,0.0,0.0
2025-11-14 14:09:35,24.257286432160804,832.4921875,0.0,0.0,0.0,0.0
2025-11-14 14:09:37,25.130505050505054,832.28125,0.0,0.0,0.0,0.0
2025-11-14 14:09:39,26.361676445934616,832.39453125,0.0,0.0,0.0,0.0
2025-11-14 14:09:41,93.16813953488372,862.73046875,0.0,0.0,0.0,0.0
2025-11-14 14:09:43,52.66652137468567,925.7109375,0.0,0.0,0.0,0.0
2025-11-14 14:09:45,38.219646166807074,925.5390625,0.0,0.0,0.0,0.0
2025-11-14 14:09:47,47.83109623430962,925.90625,0.0,0.0,0.0,0.0
2025-11-14 14:09:49,47.504548494983275,925.7109375,0.0,0.0,0.0,0.0
2025-11-14 14:09:51,50.74251256281407,926.4375,0.0,0.0,0.0,0.0
2025-11-14 14:09:53,48.21591973244148,926.7890625,0.0,0.0,0.0,0.0
2025-11-14 14:09:55,47.386464646464646,927.21484375,0.0,0.0,0.0,0.0
2025-11-14 14:09:57,50.30844221105527,926.62890625,0.0,0.0,0.0,0.0
2025-11-14 14:09:59,85.3118,934.7890625,0.0,0.0,0.0,0.0
2025-11-14 14:10:01,50.98691275167785,981.8671875,0.0,0.0,0.0,0.0
2025-11-14 14:10:03,50.93737373737374,982.0390625,0.0,0.0,0.0,0.0
2025-11-14 14:10:05,40.97372384937239,982.30078125,0.0,0.0,0.0,0.0
2025-11-14 14:10:07,48.95718592964825,982.62890625,0.0,0.0,0.0,0.0
2025-11-14 14:10:09,51.5883025210084,981.83984375,0.0,0.0,0.0,0.0
2025-11-14 14:10:11,49.390209555741826,981.98046875,0.0,0.0,0.0,0.0
2025-11-14 14:10:13,50.043922883487014,981.67578125,0.0,0.0,0.0,0.0
2025-11-14 14:10:15,52.03029288702928,982.05859375,0.0,0.0,0.0,0.0
2025-11-14 14:10:17,48.166354515050166,982.01953125,0.0,0.0,0.0,0.0
2025-11-14 14:10:19,49.12124369747899,982.2890625,0.0,0.0,0.0,0.0
2025-11-14 14:10:21,50.05264214046823,981.984375,0.0,0.0,0.0,0.0
2025-11-14 14:10:24,48.72824811399832,981.7578125,0.0,0.0,0.0,0.0
2025-11-14 14:10:26,50.10232323232323,981.83984375,0.0,0.0,0.0,0.0
2025-11-14 14:10:28,49.73173109243697,981.671875,0.0,0.0,0.0,0.0
2025-11-14 14:10:30,46.32607082630691,981.8359375,0.0,0.0,0.0,0.0
2025-11-14 14:10:32,49.06692567567568,981.82421875,0.0,0.0,0.0,0.0
2025-11-14 14:10:34,50.77098236775819,981.96484375,0.0,0.0,0.0,0.0
2025-11-14 14:10:36,46.26465430016863,981.90234375,0.0,0.0,0.0,0.0
2025-11-14 14:10:38,48.68508532423208,982.13671875,0.0,0.0,0.0,0.0
2025-11-14 14:10:40,46.5637436762226,981.7890625,0.0,0.0,0.0,0.0
2025-11-14 14:10:42,45.82751677852349,981.8671875,0.0,0.0,0.0,0.0
2025-11-14 14:10:44,47.05285714285714,981.96875,0.0,0.0,0.0,0.0
2025-11-14 14:10:46,48.44997489539749,981.734375,0.0,0.0,0.0,0.0
2025-11-14 14:10:48,48.530595138306786,981.98828125,0.0,0.0,0.0,0.0
2025-11-14 14:10:50,49.708241206030145,981.94921875,0.0,0.0,0.0,0.0
2025-11-14 14:10:52,50.00932103939648,981.79296875,0.0,0.0,0.0,0.0
2025-11-14 14:10:54,47.960435146443515,982.0078125,0.0,0.0,0.0,0.0
2025-11-14 14:10:56,48.257844611528824,982.0390625,0.0,0.0,0.0,0.0
2025-11-14 14:10:58,44.06984974958264,981.6796875,0.0,0.0,0.0,0.0
2025-11-14 14:11:00,44.377593360995846,981.86328125,0.0,0.0,0.0,0.0
2025-11-14 14:11:02,41.3918932443703,981.9765625,0.0,0.0,0.0,0.0
2025-11-14 14:11:04,47.836565656565654,981.79296875,0.0,0.0,0.0,0.0
2025-11-14 14:11:06,48.56891505466779,981.6796875,0.0,0.0,0.0,0.0
2025-11-14 14:11:08,52.578035264483624,981.69921875,0.0,0.0,0.0,0.0
2025-11-14 14:11:10,51.06005063291139,981.6171875,0.0,0.0,0.0,0.0
2025-11-14 14:11:12,49.49777403035412,981.64453125,0.0,0.0,0.0,0.0
2025-11-14 14:11:14,49.186689075630255,981.84765625,0.0,0.0,0.0,0.0
2025-11-14 14:11:16,53.43541984732825,981.8984375,0.0,0.0,0.0,0.0
2025-11-14 14:11:18,51.313069806560144,981.70703125,0.0,0.0,0.0,0.0
2025-11-14 14:11:20,50.91821398483572,981.96875,0.0,0.0,0.0,0.0
2025-11-14 14:11:22,43.764865771812076,981.90234375,0.0,0.0,0.0,0.0
2025-11-14 14:11:24,50.289773299748106,981.890625,0.0,0.0,0.0,0.0
2025-11-14 14:11:26,50.960974789915966,981.66015625,0.0,0.0,0.0,0.0
2025-11-14 14:11:28,50.46693467336682,981.8828125,0.0,0.0,0.0,0.0
2025-11-14 14:11:30,51.721315345699836,982.125,0.0,0.0,0.0,0.0
2025-11-14 14:11:32,48.028016736401675,981.90625,0.0,0.0,0.0,0.0
2025-11-14 14:11:34,51.28040100250626,982.0859375,0.0,0.0,0.0,0.0
2025-11-14 14:11:36,51.19875630252101,981.66796875,0.0,0.0,0.0,0.0
2025-11-14 14:11:38,50.6750460251046,982.0703125,0.0,0.0,0.0,0.0
2025-11-14 14:11:40,51.53160100586756,982.13671875,0.0,0.0,0.0,0.0
2025-11-14 14:11:42,52.45280672268907,981.8125,0.0,0.0,0.0,0.0
2025-11-14 14:11:44,49.35983319432861,981.69140625,0.0,0.0,0.0,0.0
2025-11-14 14:11:46,50.94201342281879,981.6875,0.0,0.0,0.0,0.0
2025-11-14 14:11:48,53.4825947767481,981.7265625,0.0,0.0,0.0,0.0
2025-11-14 14:11:50,50.38557983193277,981.9296875,0.0,0.0,0.0,0.0
2025-11-14 14:11:52,51.57399163179917,981.8125,0.0,0.0,0.0,0.0
2025-11-14 14:11:54,50.53911148365465,981.80859375,0.0,0.0,0.0,0.0
2025-11-14 14:11:56,51.46913663034367,981.76953125,0.0,0.0,0.0,0.0
2025-11-14 14:11:58,53.76343434343435,981.82421875,0.0,0.0,0.0,0.0
2025-11-14 14:12:00,50.96658862876253,982.10546875,0.0,0.0,0.0,0.0
2025-11-14 14:12:02,42.84424957841484,981.8671875,0.0,0.0,0.0,0.0
2025-11-14 14:12:04,45.74844519966016,982.01171875,0.0,0.0,0.0,0.0
2025-11-14 14:12:06,48.91230508474577,981.73046875,0.0,0.0,0.0,0.0
2025-11-14 14:12:08,43.18314550042052,981.71484375,0.0,0.0,0.0,0.0
2025-11-14 14:12:10,46.204654300168635,982.11328125,0.0,0.0,0.0,0.0
2025-11-14 14:12:12,45.78360101437025,981.71484375,0.0,0.0,0.0,0.0
2025-11-14 14:12:14,50.361836393989975,981.8515625,0.0,0.0,0.0,0.0
2025-11-14 14:12:16,52.213826745164006,982.2109375,0.0,0.0,0.0,0.0
2025-11-14 14:12:18,50.89938075313808,982.3359375,0.0,0.0,0.0,0.0
2025-11-14 14:12:20,51.3693559322034,982.11328125,0.0,0.0,0.0,0.0
2025-11-14 14:12:22,52.88406040268456,982.0703125,0.0,0.0,0.0,0.0
2025-11-14 14:12:24,52.481042016806725,982.42578125,0.0,0.0,0.0,0.0
2025-11-14 14:12:26,51.464597315436244,981.875,0.0,0.0,0.0,0.0
2025-11-14 14:12:29,50.66516129032258,982.04296875,0.0,0.0,0.0,0.0
2025-11-14 14:12:31,52.64941772151899,982.18359375,0.0,0.0,0.0,0.0
2025-11-14 14:12:33,51.66956375838926,982.359375,0.0,0.0,0.0,0.0
2025-11-14 14:12:35,33.761139983235545,982.21875,0.0,0.0,0.0,0.0
2025-11-14 14:12:37,50.920669456066946,983.0078125,0.0,0.0,0.0,0.0
2025-11-14 14:12:39,49.07969722455846,983.515625,0.0,0.0,0.0,0.0
2025-11-14 14:12:41,51.750326359832634,983.48828125,0.0,0.0,0.0,0.0
2025-11-14 14:12:43,186.8429466553768,1109.48046875,0.0,0.0,0.0,0.0
2025-11-14 14:12:45,250.49715736040605,1113.5078125,0.0,0.0,0.0,0.0
2025-11-14 14:12:47,257.4861224489796,1113.9453125,0.0,0.0,0.0,0.0
2025-11-14 14:12:49,257.3275491033305,1115.66015625,0.0,0.0,0.0,0.0
2025-11-14 14:12:51,257.41965870307166,1115.2265625,0.0,0.0,0.0,0.0
2025-11-14 14:12:53,255.75344095157178,1116.32421875,0.0,0.0,0.0,0.0
2025-11-14 14:12:55,304.61033248081844,1116.31640625,0.0,0.0,0.0,0.0
2025-11-14 14:12:57,211.65445292620865,1118.2890625,0.0,0.0,0.0,0.0
2025-11-14 14:12:59,182.28923076923076,1115.8828125,0.0,0.0,0.0,0.0
2025-11-14 14:13:01,186.95339542760374,1117.69140625,0.0,0.0,0.0,0.0
2025-11-14 14:13:03,222.41469387755103,1119.6015625,0.0,0.0,0.0,0.0
2025-11-14 14:13:05,249.4173559322034,1119.078125,0.0,0.0,0.0,0.0
2025-11-14 14:13:07,271.7320272572402,1119.38671875,0.0,0.0,0.0,0.0
2025-11-14 14:13:09,252.94521813515826,1116.21484375,0.0,0.0,0.0,0.0
2025-11-14 14:13:11,233.01402376910016,1122.18359375,0.0,0.0,0.0,0.0
2025-11-14 14:13:13,238.39644670050762,1121.69140625,0.0,0.0,0.0,0.0
2025-11-14 14:13:15,237.5260370994941,1119.9296875,0.0,0.0,0.0,0.0
2025-11-14 14:13:17,236.30418289585097,1119.92578125,0.0,0.0,0.0,0.0
2025-11-14 14:13:19,243.81945485519591,1121.92578125,0.0,0.0,0.0,0.0
2025-11-14 14:13:21,249.15969309462915,1121.58203125,0.0,0.0,0.0,0.0
2025-11-14 14:13:23,242.9834237288136,1120.8125,0.0,0.0,0.0,0.0
2025-11-14 14:13:25,279.8703577512777,1122.09765625,0.0,0.0,0.0,0.0
2025-11-14 14:13:27,242.06900763358777,1122.32421875,0.0,0.0,0.0,0.0
2025-11-14 14:13:29,233.59155216284987,1121.73046875,0.0,0.0,0.0,0.0
2025-11-14 14:13:31,237.61061499578773,1120.09765625,0.0,0.0,0.0,0.0
2025-11-14 14:13:33,219.07103918228276,1118.6796875,0.0,0.0,0.0,0.0
2025-11-14 14:13:35,195.04637974683544,1120.484375,0.0,0.0,0.0,0.0
2025-11-14 14:13:37,223.2556711409396,1120.66796875,0.0,0.0,0.0,0.0
2025-11-14 14:13:39,212.10237974683545,1117.8046875,0.0,0.0,0.0,0.0
2025-11-14 14:13:41,221.0923285351397,1120.41796875,0.0,0.0,0.0,0.0
2025-11-14 14:13:43,195.23141414141415,1115.97265625,0.0,0.0,0.0,0.0
2025-11-14 14:13:45,194.15635750421583,1118.4140625,0.0,0.0,0.0,0.0
2025-11-14 14:13:47,203.613164556962,1118.453125,0.0,0.0,0.0,0.0
2025-11-14 14:13:49,211.8414527027027,1119.41015625,0.0,0.0,0.0,0.0
2025-11-14 14:13:51,204.63454699407282,1120.90625,0.0,0.0,0.0,0.0
2025-11-14 14:13:53,221.23993220338983,1118.35546875,0.0,0.0,0.0,0.0
2025-11-14 14:13:55,197.79857506361324,1120.61328125,0.0,0.0,0.0,0.0
2025-11-14 14:13:57,201.11756756756756,1120.8203125,0.0,0.0,0.0,0.0
2025-11-14 14:13:59,199.0479797979798,1122.92578125,0.0,0.0,0.0,0.0
2025-11-14 14:14:01,168.28658823529415,1118.421875,0.0,0.0,0.0,0.0
2025-11-14 14:14:03,207.97599320882853,1118.99609375,0.0,0.0,0.0,0.0
2025-11-14 14:14:05,186.84641221374045,1119.11328125,0.0,0.0,0.0,0.0
2025-11-14 14:14:07,197.79704834605596,1039.58203125,0.0,0.0,0.0,0.0
2025-11-14 14:14:09,240.16334756618275,1037.51171875,0.0,0.0,0.0,0.0
2025-11-14 14:14:11,243.45691525423726,1034.19921875,0.0,0.0,0.0,0.0
2025-11-14 14:14:13,236.19135319148938,1036.88671875,0.0,0.0,0.0,0.0
2025-11-14 14:14:15,224.41316455696204,1037.10546875,0.0,0.0,0.0,0.0
2025-11-14 14:14:17,224.0170256410256,1036.39453125,0.0,0.0,0.0,0.0
2025-11-14 14:14:19,233.98231362467862,1036.77734375,0.0,0.0,0.0,0.0
2025-11-14 14:14:21,216.15262531860662,1071.0390625,0.0,0.0,0.0,0.0
2025-11-14 14:14:23,246.75390638297873,1120.40234375,0.0,0.0,0.0,0.0
2025-11-14 14:14:25,230.6835254237288,1122.30078125,0.0,0.0,0.0,0.0
2025-11-14 14:14:27,180.07208156329654,1121.140625,0.0,0.0,0.0,0.0
2025-11-14 14:14:29,190.81301694915254,1118.68359375,0.0,0.0,0.0,0.0
2025-11-14 14:14:31,255.8824615384615,1119.44140625,0.0,0.0,0.0,0.0
2025-11-14 14:14:33,197.00731914893618,1118.80078125,0.0,0.0,0.0,0.0
2025-11-14 14:14:36,188.7386689132266,1124.8515625,0.0,0.0,0.0,0.0
2025-11-14 14:14:38,204.9928013582343,1119.34375,0.0,0.0,0.0,0.0
2025-11-14 14:14:40,188.71067234042553,1121.515625,0.0,0.0,0.0,0.0
2025-11-14 14:14:42,194.8621061499579,1125.4921875,0.0,0.0,0.0,0.0
2025-11-14 14:14:44,219.06086808510636,1118.78515625,0.0,0.0,0.0,0.0
2025-11-14 14:14:46,207.7055189873418,1119.5234375,0.0,0.0,0.0,0.0
2025-11-14 14:14:48,191.68582557154954,1118.76953125,0.0,0.0,0.0,0.0
2025-11-14 14:14:50,216.37194936708858,1121.21484375,0.0,0.0,0.0,0.0
2025-11-14 14:14:52,183.43339606501283,1119.0703125,0.0,0.0,0.0,0.0
2025-11-14 14:14:54,84.00374052232519,1119.0859375,0.0,0.0,0.0,0.0
2025-11-14 14:14:56,47.2675652906487,1119.2578125,0.0,0.0,0.0,0.0
2025-11-14 14:14:58,47.47525423728814,1119.1015625,0.0,0.0,0.0,0.0
2025-11-14 14:15:00,201.05959183673468,1125.14453125,0.0,0.0,0.0,0.0
2025-11-14 14:15:02,230.1434129692833,1122.83984375,0.0,0.0,0.0,0.0
2025-11-14 14:15:04,218.14433898305086,1122.78125,0.0,0.0,0.0,0.0
2025-11-14 14:15:06,225.32339331619536,1122.7421875,0.0,0.0,0.0,0.0
2025-11-14 14:15:08,219.03723785166244,1122.8359375,0.0,0.0,0.0,0.0
2025-11-14 14:15:10,218.5331169940222,1122.90625,0.0,0.0,0.0,0.0
2025-11-14 14:15:12,241.589793814433,1122.78515625,0.0,0.0,0.0,0.0
2025-11-14 14:15:14,236.85873935264055,1122.859375,0.0,0.0,0.0,0.0
2025-11-14 14:15:16,251.9375468483816,1122.83203125,0.0,0.0,0.0,0.0
2025-11-14 14:15:18,228.1041836734694,1122.953125,0.0,0.0,0.0,0.0
2025-11-14 14:15:20,217.9029007633588,1122.93359375,0.0,0.0,0.0,0.0
2025-11-14 14:15:22,235.82078498293515,1122.734375,0.0,0.0,0.0,0.0
2025-11-14 14:15:24,237.4925021349274,1122.96484375,0.0,0.0,0.0,0.0
2025-11-14 14:15:26,224.5217406143345,1122.82421875,0.0,0.0,0.0,0.0
2025-11-14 14:15:28,236.20998296422488,1122.85546875,0.0,0.0,0.0,0.0
2025-11-14 14:15:30,259.08463519313307,1122.82421875,0.0,0.0,0.0,0.0
2025-11-14 14:15:32,216.1308255319149,1122.7734375,0.0,0.0,0.0,0.0
2025-11-14 14:15:34,223.71751937984493,1122.76171875,0.0,0.0,0.0,0.0
2025-11-14 14:15:36,222.61397260273972,1122.8671875,0.0,0.0,0.0,0.0
2025-11-14 14:15:38,226.2713624678663,1122.7421875,0.0,0.0,0.0,0.0
2025-11-14 14:15:40,236.20348717948718,1123.01953125,0.0,0.0,0.0,0.0
2025-11-14 14:15:42,230.1570533446232,1123.10546875,0.0,0.0,0.0,0.0
2025-11-14 14:15:44,243.01256170212767,1122.94140625,0.0,0.0,0.0,0.0
2025-11-14 14:15:46,230.69554227156277,1122.7421875,0.0,0.0,0.0,0.0
2025-11-14 14:15:48,218.13887755102036,1122.84765625,0.0,0.0,0.0,0.0
2025-11-14 14:15:50,206.52791095890413,1122.83984375,0.0,0.0,0.0,0.0
2025-11-14 14:15:52,127.09113924050632,1122.8203125,0.0,0.0,0.0,0.0
2025-11-14 14:15:54,49.12354430379746,1118.75390625,0.0,0.0,0.0,0.0
2025-11-14 14:15:56,79.455332197615,1035.86328125,0.0,0.0,0.0,0.0
2025-11-14 14:15:58,44.64426395939086,1035.50390625,0.0,0.0,0.0,0.0
2025-11-14 14:16:00,36.285801526717556,1035.26953125,0.0,0.0,0.0,0.0
2025-11-14 14:16:02,34.62247266610598,1035.30859375,0.0,0.0,0.0,0.0
2025-11-14 14:16:04,48.41174496644295,1035.65234375,0.0,0.0,0.0,0.0
2025-11-14 14:16:06,47.23153652392947,1035.19921875,0.0,0.0,0.0,0.0
2025-11-14 14:16:08,46.623422818791944,1035.4609375,0.0,0.0,0.0,0.0
2025-11-14 14:16:10,45.926661002548855,1035.19921875,0.0,0.0,0.0,0.0
2025-11-14 14:16:12,48.36475548060709,1035.48828125,0.0,0.0,0.0,0.0
2025-11-14 14:16:14,47.28131313131313,1035.38671875,0.0,0.0,0.0,0.0
2025-11-14 14:16:16,123.4291304347826,1069.59765625,0.0,0.0,0.0,0.0
2025-11-14 14:16:18,51.76010230179029,1118.62890625,0.0,0.0,0.0,0.0
2025-11-14 14:16:20,46.90073949579832,1118.56640625,0.0,0.0,0.0,0.0
2025-11-14 14:16:22,157.16040712468194,1115.01171875,0.0,0.0,0.0,0.0
2025-11-14 14:16:24,100.01474562135112,1095.59375,0.0,0.0,0.0,0.0
2025-11-14 14:16:26,47.60752941176471,1095.29296875,0.0,0.0,0.0,0.0
2025-11-14 14:16:28,49.375717884130985,1095.39453125,0.0,0.0,0.0,0.0
2025-11-14 14:16:30,45.986711635750424,1095.4765625,0.0,0.0,0.0,0.0
2025-11-14 14:16:32,50.23632687447347,1095.50390625,0.0,0.0,0.0,0.0
2025-11-14 14:16:34,48.00070886075949,1095.4921875,0.0,0.0,0.0,0.0
2025-11-14 14:16:36,45.51427127211457,1095.55859375,0.0,0.0,0.0,0.0
2025-11-14 14:16:38,48.661676545300594,1095.8203125,0.0,0.0,0.0,0.0
2025-11-14 14:16:41,47.814326359832634,1095.59765625,0.0,0.0,0.0,0.0
2025-11-14 14:16:43,49.59966015293118,1095.453125,0.0,0.0,0.0,0.0
2025-11-14 14:16:45,47.69667226890757,1095.421875,0.0,0.0,0.0,0.0
2025-11-14 14:16:47,46.4255033557047,1095.5078125,0.0,0.0,0.0,0.0
2025-11-14 14:16:49,48.18288121314237,1095.5625,0.0,0.0,0.0,0.0
2025-11-14 14:16:51,48.35541984732824,1095.5703125,0.0,0.0,0.0,0.0
2025-11-14 14:16:53,47.111756756756755,1095.51171875,0.0,0.0,0.0,0.0
2025-11-14 14:16:55,50.33650632911393,1095.5625,0.0,0.0,0.0,0.0
2025-11-14 14:16:57,48.565122156697555,1095.49609375,0.0,0.0,0.0,0.0
2025-11-14 14:16:59,47.23096446700508,1095.296875,0.0,0.0,0.0,0.0
2025-11-14 14:17:01,51.25841483979764,1095.4140625,0.0,0.0,0.0,0.0
2025-11-14 14:17:03,39.485129924559935,1095.32421875,0.0,0.0,0.0,0.0
2025-11-14 14:17:05,51.49804054054054,1095.46484375,0.0,0.0,0.0,0.0
2025-11-14 14:17:07,49.03386172006745,1095.60546875,0.0,0.0,0.0,0.0
2025-11-14 14:17:09,46.88811544991511,1095.5078125,0.0,0.0,0.0,0.0
2025-11-14 14:17:11,44.08622371740959,1095.73046875,0.0,0.0,0.0,0.0
2025-11-14 14:17:13,47.305735912531546,1095.53125,0.0,0.0,0.0,0.0
2025-11-14 14:17:15,46.94595959595959,1095.48046875,0.0,0.0,0.0,0.0
2025-11-14 14:17:17,42.45948979591837,1095.390625,0.0,0.0,0.0,0.0
2025-11-14 14:17:19,47.47471890971039,1095.30078125,0.0,0.0,0.0,0.0
2025-11-14 14:17:21,49.067070707070705,1095.7734375,0.0,0.0,0.0,0.0
2025-11-14 14:17:23,51.676593591905565,1095.64453125,0.0,0.0,0.0,0.0
2025-11-14 14:17:25,52.82886459209419,1095.35546875,0.0,0.0,0.0,0.0
2025-11-14 14:17:27,50.69528317836009,1095.47265625,0.0,0.0,0.0,0.0
2025-11-14 14:17:29,48.81151515151515,1095.31640625,0.0,0.0,0.0,0.0
2025-11-14 14:17:31,49.45828085106383,1095.58984375,0.0,0.0,0.0,0.0
2025-11-14 14:17:33,51.99564255319149,1095.65234375,0.0,0.0,0.0,0.0
2025-11-14 14:17:35,50.46360101437024,1095.58203125,0.0,0.0,0.0,0.0
2025-11-14 14:17:37,51.243017602682315,1095.5390625,0.0,0.0,0.0,0.0
2025-11-14 14:17:39,45.064561403508776,1095.51953125,0.0,0.0,0.0,0.0
2025-11-14 14:17:41,51.791133501259445,1096.11328125,0.0,0.0,0.0,0.0
2025-11-14 14:17:43,51.05762825904121,1095.765625,0.0,0.0,0.0,0.0
2025-11-14 14:17:45,43.482936708860755,1095.42578125,0.0,0.0,0.0,0.0
2025-11-14 14:17:47,53.961020408163265,1095.58984375,0.0,0.0,0.0,0.0
2025-11-14 14:17:49,49.57378378378378,1095.61328125,0.0,0.0,0.0,0.0
2025-11-14 14:17:51,46.02572151898734,1095.50390625,0.0,0.0,0.0,0.0
2025-11-14 14:17:53,43.6012030075188,1095.40625,0.0,0.0,0.0,0.0
2025-11-14 14:17:55,53.359159663865555,1095.75,0.0,0.0,0.0,0.0
2025-11-14 14:17:57,52.621515151515155,1096.19140625,0.0,0.0,0.0,0.0
2025-11-14 14:17:59,47.908667225481985,1095.6484375,0.0,0.0,0.0,0.0
2025-11-14 14:18:01,50.88739864864864,1095.44140625,0.0,0.0,0.0,0.0
2025-11-14 14:18:03,51.4262656641604,1095.46875,0.0,0.0,0.0,0.0
2025-11-14 14:18:05,49.9393288590604,1095.59765625,0.0,0.0,0.0,0.0
2025-11-14 14:18:07,51.22115869017632,1095.3984375,0.0,0.0,0.0,0.0
2025-11-14 14:18:09,51.66826890756302,1095.5625,0.0,0.0,0.0,0.0
2025-11-14 14:18:11,51.13481108312343,1095.41015625,0.0,0.0,0.0,0.0
2025-11-14 14:18:13,48.937185929648244,1095.5390625,0.0,0.0,0.0,0.0
2025-11-14 14:18:15,52.39083612040134,1095.6640625,0.0,0.0,0.0,0.0
2025-11-14 14:18:17,49.53495826377296,1095.6171875,0.0,0.0,0.0,0.0
2025-11-14 14:18:19,50.491711409395975,1095.45703125,0.0,0.0,0.0,0.0
2025-11-14 14:18:21,51.20658862876255,1095.64453125,0.0,0.0,0.0,0.0
2025-11-14 14:18:23,49.529624060150375,1095.609375,0.0,0.0,0.0,0.0
2025-11-14 14:18:25,51.190753768844225,1095.3828125,0.0,0.0,0.0,0.0
2025-11-14 14:18:27,56.00657718120805,1095.85546875,0.0,0.0,0.0,0.0
2025-11-14 14:18:29,48.970808080808084,1095.48046875,0.0,0.0,0.0,0.0
2025-11-14 14:18:31,50.168829431438134,1095.84765625,0.0,0.0,0.0,0.0
2025-11-14 14:18:33,48.79689713322091,1095.69140625,0.0,0.0,0.0,0.0
2025-11-14 14:18:35,48.31286795626577,1095.765625,0.0,0.0,0.0,0.0
2025-11-14 14:18:37,51.550505050505045,1095.42578125,0.0,0.0,0.0,0.0
2025-11-14 14:18:39,52.43532599491956,1095.83203125,0.0,0.0,0.0,0.0
2025-11-14 14:18:41,43.28488294314381,1095.8984375,0.0,0.0,0.0,0.0
2025-11-14 14:18:43,51.69346733668342,1096.0078125,0.0,0.0,0.0,0.0
2025-11-14 14:18:45,51.989200000000004,1095.640625,0.0,0.0,0.0,0.0
2025-11-14 14:18:48,52.720569037656894,1095.66015625,0.0,0.0,0.0,0.0
2025-11-14 14:18:50,49.221253132832075,1095.7265625,0.0,0.0,0.0,0.0
2025-11-14 14:18:52,42.93541806020067,1095.515625,0.0,0.0,0.0,0.0
2025-11-14 14:18:54,47.37770992366413,1095.41796875,0.0,0.0,0.0,0.0
2025-11-14 14:18:56,51.1025528317836,1095.50390625,0.0,0.0,0.0,0.0
2025-11-14 14:18:58,53.225151515151516,1095.828125,0.0,0.0,0.0,0.0
2025-11-14 14:19:00,48.71588284518828,1095.9140625,0.0,0.0,0.0,0.0
2025-11-14 14:19:02,48.98310810810811,1095.625,0.0,0.0,0.0,0.0
2025-11-14 14:19:04,51.78942065491184,1095.60546875,0.0,0.0,0.0,0.0
2025-11-14 14:19:06,51.27679197994988,1095.765625,0.0,0.0,0.0,0.0
2025-11-14 14:19:08,50.85589873417722,1095.80078125,0.0,0.0,0.0,0.0
2025-11-14 14:19:10,63.45184810126582,1099.28125,0.0,0.0,0.0,0.0
2025-11-14 14:19:12,346.4312244897959,1123.75390625,0.0,0.0,0.0,0.0
2025-11-14 14:19:14,283.6312789699571,1124.3203125,0.0,0.0,0.0,0.0
2025-11-14 14:19:16,258.60868824531514,1124.89453125,0.0,0.0,0.0,0.0
2025-11-14 14:19:18,302.1365351629502,1125.8671875,0.0,0.0,0.0,0.0
2025-11-14 14:19:20,229.82583050847455,1126.8046875,0.0,0.0,0.0,0.0
2025-11-14 14:19:22,254.0052144082333,1127.6171875,0.0,0.0,0.0,0.0
2025-11-14 14:19:24,227.68033869602036,1127.58203125,0.0,0.0,0.0,0.0
2025-11-14 14:19:26,241.73561224489796,1127.58203125,0.0,0.0,0.0,0.0
2025-11-14 14:19:28,256.40257627118643,1128.03125,0.0,0.0,0.0,0.0
2025-11-14 14:19:30,250.867366638442,1128.01953125,0.0,0.0,0.0,0.0
2025-11-14 14:19:32,253.51577345731192,1128.12890625,0.0,0.0,0.0,0.0
2025-11-14 14:19:34,245.20653061224488,1128.24609375,0.0,0.0,0.0,0.0
2025-11-14 14:19:36,250.3355989804588,1128.01171875,0.0,0.0,0.0,0.0
2025-11-14 14:19:38,242.31857868020305,1128.39453125,0.0,0.0,0.0,0.0
2025-11-14 14:19:40,247.62988115449915,1127.8671875,0.0,0.0,0.0,0.0
2025-11-14 14:19:42,241.7269432684166,1128.11328125,0.0,0.0,0.0,0.0
2025-11-14 14:19:44,254.85754445385265,1128.69140625,0.0,0.0,0.0,0.0
2025-11-14 14:19:46,268.66525423728814,1129.69140625,0.0,0.0,0.0,0.0
2025-11-14 14:19:48,246.69924433249372,1129.79296875,0.0,0.0,0.0,0.0
2025-11-14 14:19:50,239.33520408163264,1130.5390625,0.0,0.0,0.0,0.0
2025-11-14 14:19:52,248.43082191780823,1130.1171875,0.0,0.0,0.0,0.0
2025-11-14 14:19:54,241.06613423959215,1129.74609375,0.0,0.0,0.0,0.0
2025-11-14 14:19:56,244.44172881355934,1130.3046875,0.0,0.0,0.0,0.0
2025-11-14 14:19:58,262.1633447098976,1130.1796875,0.0,0.0,0.0,0.0
2025-11-14 14:20:00,228.49072340425528,1130.61328125,0.0,0.0,0.0,0.0
2025-11-14 14:20:02,242.2852129471891,1130.59375,0.0,0.0,0.0,0.0
2025-11-14 14:20:04,216.39375000000004,1130.84765625,0.0,0.0,0.0,0.0
2025-11-14 14:20:06,224.65558974358976,1131.16796875,0.0,0.0,0.0,0.0
2025-11-14 14:20:08,223.51427603725656,1130.98046875,0.0,0.0,0.0,0.0
2025-11-14 14:20:10,221.42487680543752,1130.69921875,0.0,0.0,0.0,0.0
2025-11-14 14:20:12,212.6154314720812,1130.96875,0.0,0.0,0.0,0.0
2025-11-14 14:20:14,239.5176530612245,1130.95703125,0.0,0.0,0.0,0.0
2025-11-14 14:20:16,236.48292020373515,1130.90234375,0.0,0.0,0.0,0.0
2025-11-14 14:20:18,131.52202874049027,1130.97265625,0.0,0.0,0.0,0.0
2025-11-14 14:20:20,49.18661073825504,1127.0,0.0,0.0,0.0,0.0
2025-11-14 14:20:22,48.630501672240804,1127.0234375,0.0,0.0,0.0,0.0
2025-11-14 14:20:24,48.83858942065491,1127.03515625,0.0,0.0,0.0,0.0
2025-11-14 14:20:26,47.760000000000005,1127.11328125,0.0,0.0,0.0,0.0
2025-11-14 14:20:28,49.41743073047859,1127.40234375,0.0,0.0,0.0,0.0
2025-11-14 14:20:30,49.18383263598326,1127.31640625,0.0,0.0,0.0,0.0
2025-11-14 14:20:32,49.24952380952381,1127.74609375,0.0,0.0,0.0,0.0
2025-11-14 14:20:34,49.8905280804694,1127.37109375,0.0,0.0,0.0,0.0
2025-11-14 14:20:36,49.73147157190636,1126.7734375,0.0,0.0,0.0,0.0
2025-11-14 14:20:38,45.71011764705882,1127.0703125,0.0,0.0,0.0,0.0
2025-11-14 14:20:40,49.552757753562446,1127.515625,0.0,0.0,0.0,0.0
2025-11-14 14:20:42,51.42030201342283,1127.74609375,0.0,0.0,0.0,0.0
2025-11-14 14:20:44,47.00471777590564,1127.7890625,0.0,0.0,0.0,0.0
2025-11-14 14:20:46,41.582107023411375,1127.0390625,0.0,0.0,0.0,0.0
2025-11-14 14:20:48,137.39757983193277,1128.98828125,0.0,0.0,0.0,0.0
2025-11-14 14:20:51,48.94901763224181,1034.1875,0.0,0.0,0.0,0.0
2025-11-14 14:20:53,49.093795435333895,979.81640625,0.0,0.0,0.0,0.0
2025-11-14 14:20:55,42.29391450125733,979.7421875,0.0,0.0,0.0,0.0
2025-11-14 14:20:57,32.75401521555368,978.609375,0.0,0.0,0.0,0.0
2025-11-14 14:20:59,52.792958927074594,976.38671875,0.0,0.0,0.0,0.0
2025-11-14 14:21:01,27.211322033898306,976.48046875,0.0,0.0,0.0,0.0
2025-11-14 14:21:03,31.640202020202025,988.30859375,0.0,0.0,0.0,0.0
2025-11-14 14:21:05,47.75608040201005,906.6875,0.0,0.0,0.0,0.0
2025-11-14 14:21:07,35.6606582278481,906.1953125,0.0,0.0,0.0,0.0
2025-11-14 14:21:09,39.47473861720068,905.9140625,0.0,0.0,0.0,0.0
2025-11-14 14:21:11,44.695121542330256,906.21484375,0.0,0.0,0.0,0.0
2025-11-14 14:21:13,52.331665257819104,851.6796875,0.0,0.0,0.0,0.0
2025-11-14 14:21:15,43.959195979899505,851.97265625,0.0,0.0,0.0,0.0
2025-11-14 14:21:17,43.364481887110365,851.50390625,0.0,0.0,0.0,0.0
2025-11-14 14:21:19,42.74606060606061,851.6328125,0.0,0.0,0.0,0.0
2025-11-14 14:21:21,35.89283909014321,851.50390625,0.0,0.0,0.0,0.0
2025-11-14 14:21:23,40.86192567567567,851.50390625,0.0,0.0,0.0,0.0
2025-11-14 14:21:25,38.45816949152542,851.84765625,0.0,0.0,0.0,0.0
2025-11-14 14:21:27,45.21557964970809,851.5078125,0.0,0.0,0.0,0.0
2025-11-14 14:21:29,45.708413098236775,851.640625,0.0,0.0,0.0,0.0
2025-11-14 14:21:31,46.90979797979798,851.6015625,0.0,0.0,0.0,0.0
2025-11-14 14:21:33,45.82901763224182,851.79296875,0.0,0.0,0.0,0.0
2025-11-14 14:21:35,47.09244966442953,851.70703125,0.0,0.0,0.0,0.0
2025-11-14 14:21:37,43.26498740554157,851.69140625,0.0,0.0,0.0,0.0
2025-11-14 14:21:39,44.549017632241814,851.80078125,0.0,0.0,0.0,0.0
2025-11-14 14:21:41,45.708605042016806,851.609375,0.0,0.0,0.0,0.0
2025-11-14 14:21:43,42.227214765100676,851.609375,0.0,0.0,0.0,0.0
2025-11-14 14:21:45,44.23329401853412,851.67578125,0.0,0.0,0.0,0.0
2025-11-14 14:21:47,43.73828859060403,851.5078125,0.0,0.0,0.0,0.0
2025-11-14 14:21:49,44.961070234113706,851.9296875,0.0,0.0,0.0,0.0
2025-11-14 14:21:51,44.872876254180596,851.6015625,0.0,0.0,0.0,0.0
2025-11-14 14:21:53,46.769168765743075,851.69921875,0.0,0.0,0.0,0.0
2025-11-14 14:21:55,44.496803347280334,851.5078125,0.0,0.0,0.0,0.0
2025-11-14 14:21:57,42.68738255033557,851.53125,0.0,0.0,0.0,0.0
2025-11-14 14:21:59,47.483076923076915,851.546875,0.0,0.0,0.0,0.0
2025-11-14 14:22:01,39.22924623115578,851.50390625,0.0,0.0,0.0,0.0
2025-11-14 14:22:03,33.479596638655465,851.61328125,0.0,0.0,0.0,0.0
2025-11-14 14:22:05,38.30729096989967,851.546875,0.0,0.0,0.0,0.0
2025-11-14 14:22:07,46.787707808564235,851.50390625,0.0,0.0,0.0,0.0
2025-11-14 14:22:09,46.95856066945606,851.6875,0.0,0.0,0.0,0.0
2025-11-14 14:22:11,36.71212783851976,851.50390625,0.0,0.0,0.0,0.0
2025-11-14 14:22:13,41.45869127516778,851.515625,0.0,0.0,0.0,0.0
2025-11-14 14:22:15,34.10301507537689,851.67578125,0.0,0.0,0.0,0.0
2025-11-14 14:22:17,39.23455919395466,851.50390625,0.0,0.0,0.0,0.0
2025-11-14 14:22:19,40.876563803169304,851.625,0.0,0.0,0.0,0.0
2025-11-14 14:22:21,43.991598326359835,851.53125,0.0,0.0,0.0,0.0
2025-11-14 14:22:23,44.19659147869674,852.01953125,0.0,0.0,0.0,0.0
2025-11-14 14:22:25,46.44191275167785,851.63671875,0.0,0.0,0.0,0.0
2025-11-14 14:22:27,42.56481887110362,851.50390625,0.0,0.0,0.0,0.0
2025-11-14 14:22:29,45.02492462311558,851.59765625,0.0,0.0,0.0,0.0
2025-11-14 14:22:31,41.31191275167785,851.60546875,0.0,0.0,0.0,0.0
2025-11-14 14:22:33,46.47075376884422,851.6875,0.0,0.0,0.0,0.0
2025-11-14 14:22:35,46.820536912751685,851.56640625,0.0,0.0,0.0,0.0
2025-11-14 14:22:37,39.60090680100756,851.69140625,0.0,0.0,0.0,0.0
2025-11-14 14:22:39,47.2466610878661,851.6875,0.0,0.0,0.0,0.0
2025-11-14 14:22:41,48.61182813816344,851.85546875,0.0,0.0,0.0,0.0
2025-11-14 14:22:43,45.25910699241786,851.65234375,0.0,0.0,0.0,0.0
2025-11-14 14:22:45,35.027225481978206,851.5078125,0.0,0.0,0.0,0.0
2025-11-14 14:22:47,43.59852100840336,851.67578125,0.0,0.0,0.0,0.0
2025-11-14 14:22:49,47.78254422914912,851.546875,0.0,0.0,0.0,0.0
2025-11-14 14:22:51,44.351596638655465,851.6796875,0.0,0.0,0.0,0.0
2025-11-14 14:22:53,36.101202370872144,851.71484375,0.0,0.0,0.0,0.0
2025-11-14 14:22:55,40.68132653061225,851.84765625,0.0,0.0,0.0,0.0
2025-11-14 14:22:57,37.889163144547766,851.671875,0.0,0.0,0.0,0.0
2025-11-14 14:22:59,37.73248107653491,851.50390625,0.0,0.0,0.0,0.0
2025-11-14 14:23:01,40.04280701754386,851.75390625,0.0,0.0,0.0,0.0
2025-11-14 14:23:03,37.642348993288586,851.67578125,0.0,0.0,0.0,0.0
2025-11-14 14:23:05,45.07936295054484,851.69140625,0.0,0.0,0.0,0.0
2025-11-14 14:23:08,46.684526404023465,852.0078125,0.0,0.0,0.0,0.0
2025-11-14 14:23:10,40.098166526492854,851.76953125,0.0,0.0,0.0,0.0
2025-11-14 14:23:12,40.2960606060606,851.76171875,0.0,0.0,0.0,0.0
2025-11-14 14:23:14,45.16060301507538,851.53125,0.0,0.0,0.0,0.0
2025-11-14 14:23:16,44.53047858942065,851.94140625,0.0,0.0,0.0,0.0
2025-11-14 14:23:18,43.17547738693467,851.6796875,0.0,0.0,0.0,0.0
2025-11-14 14:23:20,46.747123745819394,851.81640625,0.0,0.0,0.0,0.0
2025-11-14 14:23:22,45.707135678391964,851.66796875,0.0,0.0,0.0,0.0
2025-11-14 14:23:24,44.05551292743953,851.92578125,0.0,0.0,0.0,0.0
2025-11-14 14:23:26,46.305764411027575,851.6875,0.0,0.0,0.0,0.0
2025-11-14 14:23:28,42.465338912133895,851.54296875,0.0,0.0,0.0,0.0
2025-11-14 14:23:30,39.25354675652906,851.59765625,0.0,0.0,0.0,0.0
2025-11-14 14:23:32,41.79370899915895,851.50390625,0.0,0.0,0.0,0.0
2025-11-14 14:23:34,47.11784873949579,851.69140625,0.0,0.0,0.0,0.0
2025-11-14 14:23:36,46.64361809045226,851.67578125,0.0,0.0,0.0,0.0
2025-11-14 14:23:38,46.9214201183432,851.67578125,0.0,0.0,0.0,0.0
2025-11-14 14:23:40,43.30867167919799,851.69921875,0.0,0.0,0.0,0.0
2025-11-14 14:23:42,41.25214465937763,851.5078125,0.0,0.0,0.0,0.0
2025-11-14 14:23:44,42.99248952221291,851.60546875,0.0,0.0,0.0,0.0
2025-11-14 14:23:46,45.23284634760705,851.8515625,0.0,0.0,0.0,0.0
2025-11-14 14:23:48,46.06095238095238,851.59765625,0.0,0.0,0.0,0.0
2025-11-14 14:23:50,46.69348993288591,851.7421875,0.0,0.0,0.0,0.0
2025-11-14 14:23:52,44.74314381270903,851.6875,0.0,0.0,0.0,0.0
2025-11-14 14:23:54,44.8295,851.51171875,0.0,0.0,0.0,0.0
2025-11-14 14:23:56,39.588322147651,851.50390625,0.0,0.0,0.0,0.0
2025-11-14 14:23:58,47.700857863751054,851.84375,0.0,0.0,0.0,0.0
2025-11-14 14:24:00,32.518090452261305,851.50390625,0.0,0.0,0.0,0.0
2025-11-14 14:24:02,43.422814070351755,851.6796875,0.0,0.0,0.0,0.0
2025-11-14 14:24:04,42.32285954583684,851.55078125,0.0,0.0,0.0,0.0
2025-11-14 14:24:06,48.90227081581161,851.75390625,0.0,0.0,0.0,0.0
2025-11-14 14:24:08,42.648718801996665,851.7578125,0.0,0.0,0.0,0.0
2025-11-14 14:24:10,44.51568922305764,851.59765625,0.0,0.0,0.0,0.0
2025-11-14 14:24:12,39.402246437552385,851.66015625,0.0,0.0,0.0,0.0
2025-11-14 14:24:14,44.31899244332494,851.515625,0.0,0.0,0.0,0.0
2025-11-14 14:24:16,42.817620253164556,851.59765625,0.0,0.0,0.0,0.0
2025-11-14 14:24:18,37.710050251256284,851.61328125,0.0,0.0,0.0,0.0
2025-11-14 14:24:20,45.85044351464435,851.609375,0.0,0.0,0.0,0.0
2025-11-14 14:24:22,47.63357322175732,851.625,0.0,0.0,0.0,0.0
2025-11-14 14:24:24,42.136248948696384,851.6640625,0.0,0.0,0.0,0.0
2025-11-14 14:24:26,44.03608368200837,851.6796875,0.0,0.0,0.0,0.0
2025-11-14 14:24:28,45.48110183639399,851.5078125,0.0,0.0,0.0,0.0
2025-11-14 14:24:30,47.2387280334728,851.73046875,0.0,0.0,0.0,0.0
2025-11-14 14:24:32,49.598424140821464,851.5078125,0.0,0.0,0.0,0.0
2025-11-14 14:24:34,45.66415346121768,851.8046875,0.0,0.0,0.0,0.0
2025-11-14 14:24:36,42.068628762541806,851.50390625,0.0,0.0,0.0,0.0
2025-11-14 14:24:38,44.8863582842725,851.59765625,0.0,0.0,0.0,0.0
2025-11-14 14:24:40,45.24915339480302,851.6875,0.0,0.0,0.0,0.0
2025-11-14 14:24:42,42.964658227848105,851.50390625,0.0,0.0,0.0,0.0
2025-11-14 14:24:44,43.129411764705885,851.50390625,0.0,0.0,0.0,0.0
2025-11-14 14:24:46,34.411086773378265,851.67578125,0.0,0.0,0.0,0.0
2025-11-14 14:24:48,37.8004054054054,851.51953125,0.0,0.0,0.0,0.0
2025-11-14 14:24:50,39.6271032745592,851.6328125,0.0,0.0,0.0,0.0
2025-11-14 14:24:52,45.55607321131448,851.76171875,0.0,0.0,0.0,0.0
2025-11-14 14:24:54,44.9514404662781,851.50390625,0.0,0.0,0.0,0.0
2025-11-14 14:24:56,36.228383838383834,851.609375,0.0,0.0,0.0,0.0
2025-11-14 14:24:58,35.609923793395424,851.52734375,0.0,0.0,0.0,0.0
2025-11-14 14:25:00,45.33338912133892,851.67578125,0.0,0.0,0.0,0.0
2025-11-14 14:25:02,40.36987405541561,851.50390625,0.0,0.0,0.0,0.0
2025-11-14 14:25:04,45.849502948609945,851.67578125,0.0,0.0,0.0,0.0
2025-11-14 14:25:06,40.74993311036789,851.5703125,0.0,0.0,0.0,0.0
2025-11-14 14:25:08,41.86921914357683,852.01171875,0.0,0.0,0.0,0.0
2025-11-14 14:25:10,44.74117449664429,851.671875,0.0,0.0,0.0,0.0
2025-11-14 14:25:12,46.95596977329974,851.59765625,0.0,0.0,0.0,0.0
2025-11-14 14:25:14,38.3795593220339,851.67578125,0.0,0.0,0.0,0.0
2025-11-14 14:25:16,44.59577889447236,851.59375,0.0,0.0,0.0,0.0
2025-11-14 14:25:18,46.32664429530201,851.703125,0.0,0.0,0.0,0.0
2025-11-14 14:25:21,45.125814536340854,851.8828125,0.0,0.0,0.0,0.0
2025-11-14 14:25:23,42.656146788990824,851.87109375,0.0,0.0,0.0,0.0
2025-11-14 14:25:25,44.266577629382304,851.734375,0.0,0.0,0.0,0.0
2025-11-14 14:25:27,45.59607052896726,851.87890625,0.0,0.0,0.0,0.0
2025-11-14 14:25:29,43.40278290025147,851.50390625,0.0,0.0,0.0,0.0
2025-11-14 14:25:31,44.22904522613065,851.84765625,0.0,0.0,0.0,0.0
2025-11-14 14:25:33,45.61608659450458,851.6484375,0.0,0.0,0.0,0.0
2025-11-14 14:25:35,46.73919327731092,851.8046875,0.0,0.0,0.0,0.0
2025-11-14 14:25:37,44.08902255639098,851.78515625,0.0,0.0,0.0,0.0
2025-11-14 14:25:39,45.713096446700504,851.703125,0.0,0.0,0.0,0.0
2025-11-14 14:25:41,40.91716694772344,851.62109375,0.0,0.0,0.0,0.0
2025-11-14 14:25:43,43.40605857740586,851.70703125,0.0,0.0,0.0,0.0
2025-11-14 14:25:45,44.32980753138075,851.6484375,0.0,0.0,0.0,0.0
2025-11-14 14:25:47,43.486549118387906,851.5078125,0.0,0.0,0.0,0.0
2025-11-14 14:25:49,46.313271966527196,851.50390625,0.0,0.0,0.0,0.0
2025-11-14 14:25:51,38.05685618729097,851.50390625,0.0,0.0,0.0,0.0
2025-11-14 14:25:53,40.19677039529016,851.50390625,0.0,0.0,0.0,0.0
2025-11-14 14:25:55,41.40713567839196,851.5078125,0.0,0.0,0.0,0.0
2025-11-14 14:25:57,38.72554257095158,851.5859375,0.0,0.0,0.0,0.0
2025-11-14 14:25:59,37.66581726739312,851.67578125,0.0,0.0,0.0,0.0
2025-11-14 14:26:01,42.424816053511705,851.54296875,0.0,0.0,0.0,0.0
2025-11-14 14:26:03,47.53203007518797,851.69140625,0.0,0.0,0.0,0.0
2025-11-14 14:26:05,38.34786967418546,851.75,0.0,0.0,0.0,0.0
2025-11-14 14:26:07,41.9912911392405,851.54296875,0.0,0.0,0.0,0.0
2025-11-14 14:26:09,42.841302170283804,851.51171875,0.0,0.0,0.0,0.0
2025-11-14 14:26:11,43.67678929765887,852.03515625,0.0,0.0,0.0,0.0
2025-11-14 14:26:13,43.59562969140951,851.54296875,0.0,0.0,0.0,0.0
2025-11-14 14:26:15,44.59025125628141,851.60546875,0.0,0.0,0.0,0.0
2025-11-14 14:26:17,29.184487722269264,851.50390625,0.0,0.0,0.0,0.0
2025-11-14 14:26:19,38.96467619848612,851.67578125,0.0,0.0,0.0,0.0
2025-11-14 14:26:21,42.280436974789914,851.67578125,0.0,0.0,0.0,0.0
2025-11-14 14:26:23,43.460354430379745,851.5078125,0.0,0.0,0.0,0.0
2025-11-14 14:26:25,38.590167785234904,851.50390625,0.0,0.0,0.0,0.0
2025-11-14 14:26:27,36.86853781512605,851.67578125,0.0,0.0,0.0,0.0
2025-11-14 14:26:29,42.17265100671141,851.50390625,0.0,0.0,0.0,0.0
2025-11-14 14:26:31,46.11348370927318,851.828125,0.0,0.0,0.0,0.0
2025-11-14 14:26:33,46.412144659377624,852.0546875,0.0,0.0,0.0,0.0
2025-11-14 14:26:35,46.2202179379715,851.5078125,0.0,0.0,0.0,0.0
2025-11-14 14:26:37,44.12459346186086,851.78515625,0.0,0.0,0.0,0.0
2025-11-14 14:26:39,43.59754415475189,851.703125,0.0,0.0,0.0,0.0
2025-11-14 14:26:41,47.25974937343358,851.50390625,0.0,0.0,0.0,0.0
2025-11-14 14:26:43,41.1692385786802,851.609375,0.0,0.0,0.0,0.0
2025-11-14 14:26:45,44.48238055322716,851.765625,0.0,0.0,0.0,0.0
2025-11-14 14:26:47,41.10326359832636,851.515625,0.0,0.0,0.0,0.0
2025-11-14 14:26:49,45.947002518891686,851.50390625,0.0,0.0,0.0,0.0
2025-11-14 14:26:51,46.763517587939695,851.5078125,0.0,0.0,0.0,0.0
2025-11-14 14:26:53,47.36828859060403,851.75390625,0.0,0.0,0.0,0.0
2025-11-14 14:26:55,37.47303765690376,851.53515625,0.0,0.0,0.0,0.0
2025-11-14 14:26:57,45.34300083822296,851.515625,0.0,0.0,0.0,0.0
2025-11-14 14:26:59,39.94845569620254,851.50390625,0.0,0.0,0.0,0.0
2025-11-14 14:27:01,40.83922883487008,851.67578125,0.0,0.0,0.0,0.0
2025-11-14 14:27:03,44.28211586901763,851.7578125,0.0,0.0,0.0,0.0
2025-11-14 14:27:05,45.09545683151719,851.67578125,0.0,0.0,0.0,0.0
2025-11-14 14:27:07,44.248866498740554,851.6875,0.0,0.0,0.0,0.0
2025-11-14 14:27:09,43.005,851.50390625,0.0,0.0,0.0,0.0
2025-11-14 14:27:11,48.14934673366834,851.765625,0.0,0.0,0.0,0.0
2025-11-14 14:27:13,46.104502092050204,851.84765625,0.0,0.0,0.0,0.0
2025-11-14 14:27:15,37.683952702702705,851.50390625,0.0,0.0,0.0,0.0
2025-11-14 14:27:17,37.105247275775355,851.6171875,0.0,0.0,0.0,0.0
2025-11-14 14:27:19,41.6051839464883,851.57421875,0.0,0.0,0.0,0.0
2025-11-14 14:27:21,88.90756218905473,934.63671875,0.0,0.0,0.0,0.0
2025-11-14 14:27:23,41.73668918918919,934.171875,0.0,0.0,0.0,0.0
2025-11-14 14:27:25,46.74926174496644,934.33984375,0.0,0.0,0.0,0.0
2025-11-14 14:27:27,45.559596977329974,934.26953125,0.0,0.0,0.0,0.0
2025-11-14 14:27:29,46.876832350463346,934.34765625,0.0,0.0,0.0,0.0
2025-11-14 14:27:31,45.08423173803527,934.578125,0.0,0.0,0.0,0.0
2025-11-14 14:27:33,96.5566917293233,982.21484375,0.0,0.0,0.0,0.0
2025-11-14 14:27:35,40.178063439065106,1016.33984375,0.0,0.0,0.0,0.0
2025-11-14 14:27:38,33.4501274426508,1016.94140625,0.0,0.0,0.0,0.0
2025-11-14 14:27:40,35.37614153327716,1016.875,0.0,0.0,0.0,0.0
2025-11-14 14:27:42,33.243133951137324,1016.8125,0.0,0.0,0.0,0.0
2025-11-14 14:27:44,40.758918005071855,1016.73046875,0.0,0.0,0.0,0.0
2025-11-14 14:27:46,43.174609571788416,1016.82421875,0.0,0.0,0.0,0.0
2025-11-14 14:27:48,36.31019442096365,1016.734375,0.0,0.0,0.0,0.0
2025-11-14 14:27:50,37.21526537489469,1016.9140625,0.0,0.0,0.0,0.0
2025-11-14 14:27:52,45.08929292929293,1016.87890625,0.0,0.0,0.0,0.0
2025-11-14 14:27:54,45.316739495798316,1017.0,0.0,0.0,0.0,0.0
2025-11-14 14:27:56,44.077815126050425,1016.9296875,0.0,0.0,0.0,0.0
2025-11-14 14:27:58,43.92080672268908,1016.76171875,0.0,0.0,0.0,0.0
2025-11-14 14:28:00,45.1485666387259,1016.8046875,0.0,0.0,0.0,0.0
2025-11-14 14:28:02,44.0865716680637,1016.78125,0.0,0.0,0.0,0.0
2025-11-14 14:28:04,40.06013377926422,1017.13671875,0.0,0.0,0.0,0.0
2025-11-14 14:28:06,45.0892204526404,1017.2890625,0.0,0.0,0.0,0.0
2025-11-14 14:28:08,42.78930427493714,1017.25390625,0.0,0.0,0.0,0.0
2025-11-14 14:28:10,44.41383458646617,1017.07421875,0.0,0.0,0.0,0.0
2025-11-14 14:28:12,45.74680100755667,1017.03515625,0.0,0.0,0.0,0.0
2025-11-14 14:28:14,48.09155778894472,1016.8046875,0.0,0.0,0.0,0.0
2025-11-14 14:28:16,48.19369127516778,1016.8828125,0.0,0.0,0.0,0.0
2025-11-14 14:28:18,42.59667506297229,1017.1484375,0.0,0.0,0.0,0.0
2025-11-14 14:28:20,48.95388471177945,1017.0078125,0.0,0.0,0.0,0.0
2025-11-14 14:28:22,41.31657430730478,1016.984375,0.0,0.0,0.0,0.0
2025-11-14 14:28:24,44.95099159663866,1016.9921875,0.0,0.0,0.0,0.0
2025-11-14 14:28:26,44.6532658227848,1016.82421875,0.0,0.0,0.0,0.0
2025-11-14 14:28:28,39.439289340101524,1017.0390625,0.0,0.0,0.0,0.0
2025-11-14 14:28:30,43.58103302286198,1016.83203125,0.0,0.0,0.0,0.0
2025-11-14 14:28:32,43.06323454699408,1016.83203125,0.0,0.0,0.0,0.0
2025-11-14 14:28:34,45.07230379746835,1016.84375,0.0,0.0,0.0,0.0
2025-11-14 14:28:36,42.44646464646465,1016.84375,0.0,0.0,0.0,0.0
2025-11-14 14:28:38,43.50110552763819,1016.859375,0.0,0.0,0.0,0.0
2025-11-14 14:28:40,41.89411167512691,1017.0625,0.0,0.0,0.0,0.0
2025-11-14 14:28:42,32.27441624365483,1017.1875,0.0,0.0,0.0,0.0
2025-11-14 14:28:44,41.500151898734174,1016.86328125,0.0,0.0,0.0,0.0
2025-11-14 14:28:46,40.29436501261564,1017.296875,0.0,0.0,0.0,0.0
2025-11-14 14:28:48,37.16644067796611,1017.0390625,0.0,0.0,0.0,0.0
2025-11-14 14:28:50,44.2260253164557,1016.87890625,0.0,0.0,0.0,0.0
2025-11-14 14:28:52,42.02476510067113,1016.8828125,0.0,0.0,0.0,0.0
2025-11-14 14:28:54,46.525255230125524,1017.05859375,0.0,0.0,0.0,0.0
2025-11-14 14:28:56,47.360133555926545,1016.890625,0.0,0.0,0.0,0.0
